category,Deal_of_day,best_seller,title,description,price,original-price,review,No_of_review,id,sponsered,prime_tag,start_url
bottle,,,,"Aquaqlean Frosty Plastic Food Grade Fridge Square Water Bottle Set(6 Pieces, 1L,Assorted)",599,"1,080",3.6 out of 5 stars,"7,405",lredirect/picassoRedirect.ht,True,Amazon Prime,https://www.amazon.in/s?k=bottle
bottle,,,,"Amazon Brand - Solimo Plastic Water Bottle, 800ml, 6 Pieces, White",599,"1,100",4.4 out of 5 stars,"1,005",lredirect/picassoRedirect.ht,True,Amazon Prime,https://www.amazon.in/s?k=bottle
bottle,,,,"Amazon Brand - Solimo Plastic Water Bottle Set (Set of 3, 800 Milliliters, Multicolor)",349,550,4.1 out of 5 stars,758,lredirect/picassoRedirect.ht,True,,https://www.amazon.in/s?k=bottle
bottle,,,,"Amazon Brand - Solimo Stainless Steel Water Bottle with Inner Steel & Outer Plastic, PU Insulation, 700 ml, Black",449,699,,,lredirect/picassoRedirect.ht,True,,https://www.amazon.in/s?k=bottle
bottle,,,,"Cello Venice Plastic Bottle Set, 1 Litre, Set of 5, Assorted",441,540,4.4 out of 5 stars,"23,695",B07BFBNFSF,False,,https://www.amazon.in/s?k=bottle
bottle,,,,"AKITCHZ Unbreakable Silicone Water Bottle 1 Litres with Motivational Time Marker, Leakproof Durable BPA-free Non-Toxic Water bottle for office, gym, school",599,999,"Get it by Friday, May 20",,B0B1BJ4LMN,False,,https://www.amazon.in/s?k=bottle
bottle,,,,"Aquaqlean Frosty Plastic Food Grade Fridge Square Water Bottle Set(6 Pieces, 1L,Assorted)",599,"1,080",3.6 out of 5 stars,"7,405",B0995VW65M,False,Amazon Prime,https://www.amazon.in/s?k=bottle
bottle,,,,"Amazon Brand - Solimo Plastic Fridge Bottle Set (6 pieces, 1L, Checkered pattern, Multicolour)",399,700,4.4 out of 5 stars,"15,505",B07P7ZWQMZ,False,,https://www.amazon.in/s?k=bottle
bottle,,,,"Cello H2O Unbreakable Plastic Bottle Set, 1 Litre, Set of 6, Multicolour",684,"1,182",4.4 out of 5 stars,"6,828",B01IVBR4Y4,False,,https://www.amazon.in/s?k=bottle
bottle,,,,"Borosil - Stainless Steel Hydra Nova - Vacuum Insulated Flask Water Bottle, 500 ML, SS Finish",753,825,4.3 out of 5 stars,365,B07VS1G1HL,False,,https://www.amazon.in/s?k=bottle
bottle,,,,"Amazon Brand - Solimo Plastic Water Bottle Set (6 pieces, Multicolor, Dotted pattern)",429,875,4.0 out of 5 stars,"1,203",B07P94V2ZL,False,,https://www.amazon.in/s?k=bottle
bottle,,,,"Amazon Brand - Solimo Plastic Water Bottle Set with Flip Cap (3 pieces, Multicolour, Dotted pattern)",299,445,4.1 out of 5 stars,496,B07P5XMM88,False,,https://www.amazon.in/s?k=bottle
bottle,,,,"Amazon Brand - Solimo Plastic Fridge Water Bottle Set (6 pieces, Multicolour, Citrus Pattern)",449,690,4.3 out of 5 stars,"2,670",B07P5XN4KZ,False,,https://www.amazon.in/s?k=bottle
bottle,,,,"Amazon Brand - Solimo Stainless Steel Insulated 24 Hours Hot or Cold Bottle Flask with Flip Lid and Cover, 1000ml, Silver",729,"1,350",4.1 out of 5 stars,"3,653",B08FXN3NV2,False,,https://www.amazon.in/s?k=bottle
bottle,,,,"Amazon Brand - Solimo Plastic Water Bottles 1L each - Set of 3, Multicolour",269,399,4.3 out of 5 stars,239,B07P5XN4S1,False,,https://www.amazon.in/s?k=bottle
bottle,,,,"Amazon Brand - Solimo Plastic Water Bottles, Set of 6 (1L each), Multicolor",469,699,4.3 out of 5 stars,197,B07PB972NX,False,,https://www.amazon.in/s?k=bottle
bottle,,,,"Familia FW-500 ml Stainless Steel Water Bottle (Set of 1,Silver)",259,299,4.0 out of 5 stars,237,B08D7PR6QP,False,,https://www.amazon.in/s?k=bottle
bottle,,,,"Amazon Brand - Solimo Plastic Water Bottle Set with Flip Cap (Set of 3, 1L, Circular Pattern,Multicolour)",259,475,4.1 out of 5 stars,480,B07HCJPP17,False,,https://www.amazon.in/s?k=bottle
bottle,,,,"Milton Alive 750 Stainless Steel Water Bottle, 750 ml, Black",264,353,4.2 out of 5 stars,"4,275",B079RJNJVR,False,,https://www.amazon.in/s?k=bottle
bottle,,,,"Milton Aqua 1000 Stainless Steel Water Bottle, 1 pc, 950 ml, Silver",343,441,4.0 out of 5 stars,"24,460",B079R9W1B6,False,,https://www.amazon.in/s?k=bottle
bottle,,,,TRIOHOMES Water Bottle Led Temperature Display Double Walled Vacuum Insulated Stainless Steel Bottle 500 Ml,310,349,3.3 out of 5 stars,206,B09BP2M4SM,False,,https://www.amazon.in/s?k=bottle
bottle,,,,"Speedex Stainless Steel Fridge Water Bottle/Refrigerator Bottle/Thunder with Sipper Cap(Pack of 1, Black Colour, 1000 ml)",325,549,3.8 out of 5 stars,"2,217",B08FYVDRNK,False,,https://www.amazon.in/s?k=bottle
bottle,,,,"Cello H2O Unbreakable Plastic Bottle Set, 1 Litre, Set of 6, Multicolour",684,"1,182",4.4 out of 5 stars,"6,828",B01IVBR4Y4,False,Amazon Prime,https://www.amazon.in/s?k=bottle
bottle,,,,"Cello Puro Steel-X Benz Stainless Steel Water Bottle with Inner Steel and Outer Plastic , 900 ml (Black)",457,487,3.5 out of 5 stars,"4,448",B07THZR677,False,,https://www.amazon.in/s?k=bottle
bottle,,,,"Borosil Stainless Steel Hydra Trek - Vacuum Insulated Flask Water Bottle, 850 ML, Black","1,079","1,195",4.3 out of 5 stars,"19,342",B07VDTDS97,False,Amazon Prime,https://www.amazon.in/s?k=bottle
bottle,,,,"Milton Pacific 1000 Pet Water Bottles Set of 6, 1 Litre Each, Blue",215,270,4.1 out of 5 stars,"3,908",B01BSY2ZTU,False,,https://www.amazon.in/s?k=bottle
bottle,,,,"Milton Duo DLX 1000 Thermosteel 24 Hours Hot and Cold Water Bottle, 1 Litre, Silver","1,160","1,450",4.4 out of 5 stars,"55,117",B00JDACK3S,False,Amazon Prime,https://www.amazon.in/s?k=bottle
bottle,,,,"Milton Copper Charge 1000 Water Bottle, 930 ml, Copper",799,"1,025",3.8 out of 5 stars,"9,679",B0824ZFCDN,False,Amazon Prime,https://www.amazon.in/s?k=bottle
bottle,,,,"Cello Sportigo Plastic Bottle Set, 1 Litre, Set of 2, Assorted",299,352,4.3 out of 5 stars,"4,439",B077Z99BP2,False,,https://www.amazon.in/s?k=bottle
bottle,,,,"Stewit Water bottle set for Fridge, Office, Sports, School, Gym, Yoga | 1000 ML - Water Bottle | Unbreakable & Leak-Proof (1 Piece) Multi Color",89,109,3.6 out of 5 stars,"1,264",B09LHX49HP,False,,https://www.amazon.in/s?k=bottle
bottle,,,,"Amazon Brand - Solimo Plastic Fridge Bottle Set (6 pieces, 1L, Checkered pattern, Multicolour)",399,700,4.4 out of 5 stars,"15,505",B07P7ZWQMZ,False,,https://www.amazon.in/s?k=bottle
bottle,,,,"Amazon Brand - Solimo Plastic Fridge Bottle Set (6 pieces, 1L, Checkered pattern, Multicolour)",399,700,4.4 out of 5 stars,"15,505",lredirect/picassoRedirect.ht,True,,https://www.amazon.in/s?k=bottle
bottle,,,,"Amazon Brand - Solimo Plastic Water Bottle Set (6 pieces, Multicolor, Dotted pattern)",429,875,4.0 out of 5 stars,"1,203",lredirect/picassoRedirect.ht,True,,https://www.amazon.in/s?k=bottle
bottle,,,,STAR WORK Coffee Thermos 500 ml | Large Thermal Water Bottle for Tea Hot & Cold Drinks | Stainless Steel Vacuum Sealed Insulated Thermos Water Flasks Bottles for Work & Travel (Rose Gold),490,999,4.8 out of 5 stars,57,lredirect/picassoRedirect.ht,True,,https://www.amazon.in/s?k=bottle
bottle,,,,"Borosil - Stainless Steel Hydra Trek - Vacuum Insulated Flask Water bottle, Black, 700ML",790,975,4.3 out of 5 stars,"19,342",lredirect/picassoRedirect.ht,True,Amazon Prime,https://www.amazon.in/s?k=bottle
bottle,,,,"Cello Puro Steel-X Benz Stainless Steel Water Bottle with Inner Steel and Outer Plastic , 900 ml (Pink)",449,567,4.0 out of 5 stars,"4,937",B07TK1Y6H3,False,,https://www.amazon.in/s?k=bottle
bottle,,,,"Cello H2O Plastic Bottle , 1 L, Set of 3, Colour May Vary, Multicolour",377,591,4.3 out of 5 stars,"10,673",B01BYBU24W,False,,https://www.amazon.in/s?k=bottle
bottle,,,,"Borosil - Stainless Steel Hydra Gosports - Vacuum Insulated Flask Water Bottle, 900 ML, Black",979,"1,095",4.4 out of 5 stars,"2,178",B07VS1GPSN,False,Amazon Prime,https://www.amazon.in/s?k=bottle
bottle,,,,"One94Store Stainless Steel Temperature Water Bottle Thermos, Double Wall Vacuum Intelligent Cup with LCD Smart Display for Office, Home, Gym, Outdoor Travel Hot and Cold Drinks (500 ML, Black)",349,999,3.9 out of 5 stars,8,B09TBB8NKP,False,,https://www.amazon.in/s?k=bottle
bottle,,,,"Cello Puro Plastic Sports Water Bottle, 900 ml, Set of 2(Assorted)",332,376,4.0 out of 5 stars,"2,819",B07CM5DDTH,False,,https://www.amazon.in/s?k=bottle
bottle,,,,"ZEYFLEEB AE-D_6 Plastic, Polypropylene, Polyethylene Terephthalate Water Bottle, 1L, Set of 6, Transparent",475,999,4.3 out of 5 stars,652,B09876TRRB,False,,https://www.amazon.in/s?k=bottle
bottle,,,,"Dezofy Crystal Clear Water Bottle Set of 6 1 litre, Plastic Fridge Water Bottle Set, Ideal for Office, Sports, School, Travelling, Gym, Yoga, Checkered Pattern, Set of 6",455.05,"1,199",4.4 out of 5 stars,"1,144",B0993Z5HQ5,False,,https://www.amazon.in/s?k=bottle
bottle,,,,"Pexpo Stainless Steel Wide Mouth Sports/Fridge/Refrigerator Single Wall Leakproof Water Bottle with 3X DURABLE Color Coating ( Pack of 1, Black, Capacity 1000 ml, Chromo Bottle)",323,399,3.9 out of 5 stars,239,B093SJC8Z5,False,,https://www.amazon.in/s?k=bottle
bottle,,,,"Grofilo 2 litre water Bottle with Straw Motivational Water Bottle With Time Markings Shaker with Portable Wide Mouth,Travel Bottle- BPA Free (Color-Gradient Color)",574,"1,299",4.5 out of 5 stars,2,B09ZF3JG19,False,,https://www.amazon.in/s?k=bottle
bottle,,,,"Gadget Deals - water bottle set of 6,Crystal Diamond Texture, water bottle - 1000 ml(1 Litre) water bottles for home, Transparent water bottles for fridge, Diamond Design - water bottles",339,"1,199",3.7 out of 5 stars,7,B09YLYN9ZM,False,,https://www.amazon.in/s?k=bottle
bottle,,,,"ATROCK® 1000ml Stainless Steel Water Bottle For Fidge / Refrigator, School, Office, Gym, Sports, Travel, Set Of 6",999,"1,999",3.5 out of 5 stars,20,B09S5VQJNG,False,,https://www.amazon.in/s?k=bottle
bottle,,,,"Nayasa Plastic Water Bottle, 1000ml, Set Of 6, Multicolour, Standard",338,749,4.2 out of 5 stars,"1,004",B0851JC9LM,False,,https://www.amazon.in/s?k=bottle
bottle,,,,"Orbexa Stainless Steel Insulated Hot & Cold Thermos Bottle with Temperature Display (500 ml, Multicolor)",499,999,3.4 out of 5 stars,"1,375",B0922XFNLX,False,,https://www.amazon.in/s?k=bottle
bottle,,,,"Amazon Brand - Solimo Plastic Water Bottle, 800ml, 6 Pieces, White",599,"1,100",4.4 out of 5 stars,"1,005",B07PB95QJG,False,Amazon Prime,https://www.amazon.in/s?k=bottle
bottle,,,,"ATROCK® Stainless Steel Water Bottle, Fridge Bottle 1L (Set Of 3)",494,999,3.6 out of 5 stars,258,B09BG23RC3,False,,https://www.amazon.in/s?k=bottle
bottle,,,,"MINISO Glass Water Bottle,High Borosilicate Portable Water Bottle with Hand Ring,500ml,Pink",360,,4.4 out of 5 stars,25,B09TDWFTGC,False,,https://www.amazon.in/s?k=bottle
bottle,,,,"Gift & Gallary | Customized Water Bottle with Temperature Display Keep Hot Or Cold (Matte Black,18 oz)",679,"2,199",4.6 out of 5 stars,35,B09K7Q5CHR,False,,https://www.amazon.in/s?k=bottle
bottle,,,,"PANCA Stainless Steel Insulated Sipper Water Bottle/Flask for Gym, School Water Bottle 1 L, Sipper Cap, Sipper bottle for Gym (Set of 1), Black (Style 1)",399,799,3.7 out of 5 stars,29,B09N9DPFLL,False,,https://www.amazon.in/s?k=bottle
bottle,,,,"Milton Thermosteel Flip Lid Flask, 1000 milliliters, Silver",964,"1,205",4.3 out of 5 stars,"79,200",B00MIYM0VS,False,Amazon Prime,https://www.amazon.in/s?k=bottle
bottle,,,,"Dhwani Enterprise H2O Premium Edition Glass Bottle, 1 Litre (PACK OF 3)",649,749,3.8 out of 5 stars,15,B09V7YFGQF,False,,https://www.amazon.in/s?k=bottle
bottle,,,,"HOKISTA Stainless Steel Fridge Water Bottle for Gym, Yoga, College, Office 1 Liter Leak Proof Sipper Bottle (Pack of 1, Assorted)",399,899,"Get it by Sunday, May 22",,B09Z8D4KS7,False,,https://www.amazon.in/s?k=bottle
bottle,,,,Stainless Steel BPA-Free Leak Proof Double Walled Vacuum Insulated Cold and Warm Water Bottle with LED Temperature Display -Multicolour,318,999,3.4 out of 5 stars,126,B08WQ7QMNM,False,,https://www.amazon.in/s?k=bottle
bottle,,,,"Cello H2O Plastic Unbreakable Bottle, 1 L, Set of 6, Colour may vary",703,"1,008",4.4 out of 5 stars,"9,090",B01AEMWVYQ,False,Amazon Prime,https://www.amazon.in/s?k=bottle
bottle,,,,"KC Pure Copper Designer Water Bottle with Advanced Leak Proof Protection and Joint Less, Ayurveda and Yoga Health Benefits with Lacquer Coating (1000 Milliliters, 1 Unit)",549,999,3.9 out of 5 stars,332,B098BRFG29,False,Amazon Prime,https://www.amazon.in/s?k=bottle
bottle,,,,"PAYABLE 1000ml Square Shape Plastic Water Bottle With Square Cap | Pack Of 3 Square Shape Water Bottle For Gym, School, Office | Multicolor Water Bottle For Home",299,499,4.5 out of 5 stars,2,B09YTLWVCK,False,,https://www.amazon.in/s?k=bottle
bottle,,,,JM SELLER Plastic Water Bottle for Fridge Checkered Leak-Proof Water Bottles - 1 Litre randomy Any Colors Will Come (Set of 2),369,499,5.0 out of 5 stars,2,B092VW3HWH,False,,https://www.amazon.in/s?k=bottle
bottle,,,,"SOLARA Unbreakable Water Bottle with Motivational Time Marker, Sipper Bottle with straw, Water bottle for Gym Office| Mobile app with Drinking water reminder",849,"1,499",4.5 out of 5 stars,"3,774",B08WX2YLNZ,False,Amazon Prime,https://www.amazon.in/s?k=bottle
bottle,,,,AYURVEDACOPPER Peacock Printed Lacquer Coated Pure Copper Water Bottle (1 Liter),550,900,3.8 out of 5 stars,406,B08KGCPLDK,False,Amazon Prime,https://www.amazon.in/s?k=bottle
bottle,,,,"Cello Sportigo Plastic Bottle Set, Set of 4, Assorted",599,608,4.4 out of 5 stars,"1,351",B072DTRY5L,False,Amazon Prime,https://www.amazon.in/s?k=bottle
bottle,,,,"Grofilo Plastic Unbreakable Portable Wide Mouth Travel Water Bottles with Sipper & Clear, Intake ml marking (Transparent Multicolour, 3 L)",599,"1,499",4.1 out of 5 stars,99,B09DD6R6FT,False,,https://www.amazon.in/s?k=bottle
bottle,,,,"STEEPLE 1000ml Stainless Steel Water Bottle, Fridge Water Bottle Set 1Litre Set of 6",959,"1,999","Get it by Friday, May 20",,B09YLDR6ZM,False,,https://www.amazon.in/s?k=bottle
bottle,,,,"Milton Elfin 750 Thermosteel 24 Hours Hot and Cold Water Bottle, 750 ml, Silver, 1 Piece",832,"1,040",4.3 out of 5 stars,243,B08X2S17N7,False,Amazon Prime,https://www.amazon.in/s?k=bottle
bottle,,,,"Amazon Brand - Solimo Plastic Fridge Water Bottle Set (6 pieces, Multicolour, Citrus Pattern)",449,690,4.3 out of 5 stars,"2,670",lredirect/picassoRedirect.ht,True,,https://www.amazon.in/s?k=bottle
bottle,,,,"Amazon Brand - Solimo Plastic Water Bottle Set with Flip Cap (3 pieces, Multicolor, Wavy pattern)",339,445,4.2 out of 5 stars,935,lredirect/picassoRedirect.ht,True,,https://www.amazon.in/s?k=bottle
bottle,,,,ENSURE Pure Copper Bottle and 2 Glass Set|| Unique|| Elite Class|| ||Diwali Set|| Gift Item||1000 MLENSURE Pure Copper Bottle and 2 Glass Set|| Unique|| Elite Class|| ||Diwali Set|| Gift Item||1000 ML,"1,175","1,800",3.8 out of 5 stars,54,lredirect/picassoRedirect.ht,True,,https://www.amazon.in/s?k=bottle
bottle,,,,"Amazon Brand - Solimo Plastic Water Bottle Set with Flip cap (Set of 3, 975ml, Multicolor)",289,475,4.2 out of 5 stars,"1,057",lredirect/picassoRedirect.ht,True,,https://www.amazon.in/s?k=bottle
pen,,,,"Reynolds roller Pen I Lightweight roller Pen With Comfortable Grip for Extra Smooth Writing I School and Office Stationery | TRIMAX 3 CT BLISTER - BLUE, (2156817)",149,180,3.9 out of 5 stars,11,lredirect/picassoRedirect.ht,True,,https://www.amazon.in/s?k=pen
pen,,,,"Reynolds Ball Pen I Lightweight Ball Pen With Comfortable Grip for Extra Smooth Writing I School and Office Stationery | REYNOLDS JETTER CLASSIC, 4 PENS, BLUE",110,,3.8 out of 5 stars,9,lredirect/picassoRedirect.ht,True,,https://www.amazon.in/s?k=pen
pen,,,,REYNOLDS BLUE BALL PEN COMBO 50 PENS JAR (16 PENS 045/16 PENS BRITE/ 6 PENS AEROSLIM/ 6 PENS VISTA RT/ 6 PENS SMOOTHMATE),425,,,,lredirect/picassoRedirect.ht,True,,https://www.amazon.in/s?k=pen
pen,,,,REYNOLDS BLUE BALL PEN COMBO 25 PENS JAR (8 PENS 045/8 PENS BRITE/ 3 PENS AEROSLIM/ 3 PENS VISTA RT/ 3 PENS SMOOTHMATE),225,,5.0 out of 5 stars,1,lredirect/picassoRedirect.ht,True,,https://www.amazon.in/s?k=pen
pen,,,,Cello Bling Pastel Ball Pen | Blue Ball Pen | Jar of 25 Units | Best Ball Pens for Smooth Writing | Ball Point Pen Set | Pens for Students | Office Stationery Items,123,150,4.1 out of 5 stars,"5,115",B08FDSM563,False,,https://www.amazon.in/s?k=pen
pen,,,,SINBUG® Glitter Normal Pen School Supplies for Design Pen Best Gift for Kids (Pack of 3),99,150,"Get it by Sunday, May 22",,B0B12QPWPD,False,,https://www.amazon.in/s?k=pen
pen,,,,Cello Pinpoint Ball Pen - Blue | Pack of 10 | Lightweight Ball Pens | Exam Pens with Grip | Ball Pens for Students | ball pens set for School and Office | Blue Ball Pens | Cello Stationery,95,100,4.3 out of 5 stars,"9,990",B01INWEX9U,False,,https://www.amazon.in/s?k=pen
pen,,,,Classmate Octane Neon- Blue Gel Pens(Pack of 5)|Smooth Writing Pen|Attractive body colour for Boys & Girls|Waterproof ink for smudge free writing|Preferred by Students for Exam|Study at home essential,,,4.3 out of 5 stars,"3,560",B07KCMR8D6,False,,https://www.amazon.in/s?k=pen
pen,,,,Classmate Octane Colour Burst-Multicolour Gel Pens (Pack of 10) | Gold & Silver Glitter Sparkle Pens|10 colour ink shades for art lovers and kids|Fun at home essentials,80,100,4.3 out of 5 stars,"8,355",B07JB2Y4SR,False,,https://www.amazon.in/s?k=pen
pen,,,,Luxor Finewriter Assorted color (Pack of 10 Pen),100,,4.4 out of 5 stars,"9,031",B01HYUSCZI,False,,https://www.amazon.in/s?k=pen
pen,,,,"Faber Castell Pitt Artist Color Pen Set - Pack of 4, S, F, M, B",329,450,4.6 out of 5 stars,"5,660",B000TKEZDO,False,,https://www.amazon.in/s?k=pen
pen,,,,"AmazonBasics Felt Tip Marker Pens - Assorted Color, 12-Pack",359,600,4.3 out of 5 stars,"11,783",B078WJM15Y,False,,https://www.amazon.in/s?k=pen
pen,,,,Amazon Brand - Solimo Gel Pens and Refills (Set of 25 Pens and 10 Refills),329,400,4.0 out of 5 stars,177,B08P6WKGZ5,False,,https://www.amazon.in/s?k=pen
pen,,,,"AmazonBasics Refillable Fountain Pen - Fine Point, Black Ink",399,"1,000",4.2 out of 5 stars,"2,998",B07SM9CSWT,False,,https://www.amazon.in/s?k=pen
pen,,,,"AmazonBasics Refillable Fountain Pen - Medium Point, Black Ink",399,"1,000",4.3 out of 5 stars,"2,855",B07SNFK6TP,False,,https://www.amazon.in/s?k=pen
pen,,,,Cello Butterflow Ball Pen Set - Blue | Pack of 10 | Ball Pens for Smooth Writing | Blue Pens for Good Handwriting | Ball Pens for Students | Ideal for school and office use | Cello Stationery,87,100,4.3 out of 5 stars,"9,691",B07D4MYZFH,False,,https://www.amazon.in/s?k=pen
pen,,,,Pentonic LINC Ball Point Pen - Blister Pack of 10 (Blue),100,,4.3 out of 5 stars,"8,390",B07LH193C7,False,,https://www.amazon.in/s?k=pen
pen,,,,Cello Signature Carbon Ball Pen | Blue Pack of 1 | Premium Ball Pen for Smooth Writing | Gifting Pens | Premium Pens | Cello Signature Pens,133,200,4.3 out of 5 stars,"8,504",B07GQQCC9G,False,,https://www.amazon.in/s?k=pen
pen,,,,Cello Signature Creme Ivory Ball Pen | Blue Pack of 1 for Smooth Writing | Gifting Pens | Premium Ball Pens | Pens For Office Use | Cello Signature Pens,200,,4.3 out of 5 stars,"2,075",B07GR3VWTX,False,,https://www.amazon.in/s?k=pen
pen,,,,"Hauser XO Ball Pen (Pack of 50), Blue,black,red",475,500,4.5 out of 5 stars,"3,258",B08ZS31HQR,False,,https://www.amazon.in/s?k=pen
pen,,,,Luxor Fine Writer Black Color (pack Of 10 Pen),100,,4.4 out of 5 stars,"9,031",B07X7V685V,False,,https://www.amazon.in/s?k=pen
pen,,,,Classmate Octane Gel 25s Jar- 20 Blue Gel Pens + 5 Black Gel Pens,226,250,4.3 out of 5 stars,"7,202",B07KCKDZ7L,False,,https://www.amazon.in/s?k=pen
pen,,,,Cello Technotip Ball Pen | Blue Ball Pens | Jar of 25 Units | Ball Pens for Students | Ball Point Pen Set | Writing Pens for School and Office Use | Cello Pens,160,200,4.4 out of 5 stars,"7,137",B07NN6L9XJ,False,,https://www.amazon.in/s?k=pen
pen,,,,Luxor Finewriter Assorted color (Pack of 10 Pen),100,,4.4 out of 5 stars,"9,031",B01HYUSCZI,False,,https://www.amazon.in/s?k=pen
pen,,,,"Pentonic Multicolor Ball Point Pen, Pack of 10",120,,4.2 out of 5 stars,"3,486",B07SBGFDX9,False,,https://www.amazon.in/s?k=pen
pen,,,,"Pilot Frixion Clicker Roller Pen (Blue), (9000019529)",100,,4.1 out of 5 stars,"4,734",B00S2SEV7K,False,,https://www.amazon.in/s?k=pen
pen,,,,Pentonic LINC Ball Point Pen - Blister Pack of 10 (Black),120,,4.4 out of 5 stars,"7,042",B07LH2KW67,False,,https://www.amazon.in/s?k=pen
pen,,,,Cello Butterflow Avenger Ball Pen (25 Pens Jar - Blue) | Ball pens with Avenger Superhero designs | Smooth Writing,200,250,4.3 out of 5 stars,"2,818",B07ZQ74JFH,False,,https://www.amazon.in/s?k=pen
pen,,,,"Reynolds Ball Pen I Lightweight Ball Pen With Comfortable Grip for Extra Smooth Writing I School and Office Stationery | TRIMAX 5 PENS POUCH, 2 BLUE, 1 BLACK, 1 RED & 1 GREEN",325,,,,lredirect/picassoRedirect.ht,True,,https://www.amazon.in/s?k=pen
pen,,,,REYNOLDS BLUE GEL PEN COMBO 25 PENS JAR (10 PENS RACER/ 7 PENS JIFFY/ 4 PENS MERA / 4 PENS LUMINOGEL),299,,,,lredirect/picassoRedirect.ht,True,,https://www.amazon.in/s?k=pen
pen,,,,Worison Artist Calligraphy pen set in Attractive Tin Case,410,800,3.7 out of 5 stars,20,lredirect/picassoRedirect.ht,True,,https://www.amazon.in/s?k=pen
pen,,,,"Reynolds Pencil I Break-resistant lead With Comfortable Grip for Extra Smooth Writing I School and Office Stationery | PENCIL 50 CT JAR, TRIZY 15 CT, VIBRANT 15 PENCILS, ENERGI 20 CT, Multicolor",375,,,,lredirect/picassoRedirect.ht,True,,https://www.amazon.in/s?k=pen
pen,,,,"Reynolds Ball Pen I Lightweight Ball Pen With Comfortable Grip for Extra Smooth Writing I School and Office Stationery | SMOOTHMATE 10 CT PENS - BLUE, (REY-2155574)",80,,3.0 out of 5 stars,2,B09TH4JV9S,False,,https://www.amazon.in/s?k=pen
pen,,,,Parker Galaxy Gold Trim Ball Pen with Free Card Holder (Stainless Steel),"1,090","1,420",4.3 out of 5 stars,"1,557",B01LXJ7XPO,False,Amazon Prime,https://www.amazon.in/s?k=pen
pen,,,,Parker Moments Vector Timecheck Gold Trim Roller Ball Pen (Black),310,420,4.2 out of 5 stars,"1,089",B07LFQLKFZ,False,,https://www.amazon.in/s?k=pen
pen,,,,Cello Finegrip Ball Pen | Blue Ball Pens | Jar of 25 Units | Best Ball Pens for Smooth Writing | Ball Point Pen Set  | Pens for Students and Professionals | Cello Stationery,152,175,4.2 out of 5 stars,"18,182",B074VD1BVV,False,,https://www.amazon.in/s?k=pen
pen,,,,Nataraj GCM Ball Pen Jar,289,400,4.4 out of 5 stars,"1,949",B00VA7ZO6C,False,,https://www.amazon.in/s?k=pen
pen,,,,"Uni-ball Eye UB157 Roller Pen (Blue, Green, Pink, Violet, Wine Red Pack Of 5)",350,375,4.5 out of 5 stars,907,B07TTSHXBV,False,,https://www.amazon.in/s?k=pen
pen,,,,"Reynolds Ball Pen I Lightweight Ball Pen With Comfortable Grip for Extra Smooth Writing I School and Office Stationery | REYNOLDS JETTER CLASSIC, 4 PENS, BLUE",110,,3.8 out of 5 stars,9,B09TH3Y64F,False,,https://www.amazon.in/s?k=pen
pen,,,,Reynolds Ball Pen I Lightweight Ball Pen With Comfortable Grip for Extra Smooth Writing I School and Office Stationery | BRITE BP 25 CT JAR - BLUE,173,225,3.7 out of 5 stars,35,B09K7LRHCT,False,,https://www.amazon.in/s?k=pen
pen,,,,"FLAIR Ezee-Click Ball Pens Jar, 25 Pens",175,,4.3 out of 5 stars,138,B0852K4FWS,False,,https://www.amazon.in/s?k=pen
pen,,,,Reynolds Ball Pen I Lightweight Ball Pen With Comfortable Grip for Extra Smooth Writing I School and Office Stationery | 045 25CT JAR BLUE,194,199,4.5 out of 5 stars,186,B09K7MH39X,False,,https://www.amazon.in/s?k=pen
pen,,,,"Pilot O5 Roller Ball Pen Pack of 5 ( 4 Blue , 1 Black)",200,250,4.4 out of 5 stars,730,B08JVD5H4Q,False,,https://www.amazon.in/s?k=pen
pen,,,,Uniball Eye Ball Point Pen - Combo Pack of 4 Colours (Multicolors),290,300,4.5 out of 5 stars,"1,163",B07PGTWCW2,False,,https://www.amazon.in/s?k=pen
pen,,,,"Pentonic Multicolor Gel Pen With Hard Box Case | 0.6 mm-1.0 mm | Sleek Matt Finish, Featherlite feel | Waterproof Gel Ink, Ultra- Low Viscosity Ink | Black Body, 12 Pcs Set",150,,4.5 out of 5 stars,"1,598",B089RD1SW9,False,,https://www.amazon.in/s?k=pen
pen,,,,Cello Signature Moonlit Ball Pen | Blue Ball Pen | Pack of 1 | Best Ball Pens for Smooth Writing | Gifting Pens | Premium Ball Pens | Pen For Office Use | Cello Signature Pens,,,4.2 out of 5 stars,"2,177",B07GR4RC16,False,,https://www.amazon.in/s?k=pen
pen,,,,"Uniball Air Micro Pen -(Blue Ink,Pack of 5)",375,,4.4 out of 5 stars,"1,870",B07CJ325JP,False,,https://www.amazon.in/s?k=pen
pen,,,,Uniball Air Micro Pen Combo Set (2 Black + 2 Blue Pens) - (UBA 188 M),295,300,4.4 out of 5 stars,"2,268",B07JFDPFZN,False,,https://www.amazon.in/s?k=pen
pen,,,,Pilot V5 Liquid Ink Roller Ball Pen - 1Blue + 1Black + 1Red,,,4.5 out of 5 stars,"3,012",B00LOD6J7K,False,,https://www.amazon.in/s?k=pen
pen,,,,"Success Stationery Hero Pen Original Fountain Ink Pen Iridium Nib Model 329 Silver Cap, Black Green Maroon - Pack of 3",499,900,4.1 out of 5 stars,"1,087",B076VVXX3X,False,Amazon Prime,https://www.amazon.in/s?k=pen
pen,,,,Parker Frontier Gold Roller Ball Pen Gt,840,900,4.3 out of 5 stars,339,B07ZNS27SW,False,Amazon Prime,https://www.amazon.in/s?k=pen
pen,,,,Cello Deco Gel Pen | Gel Pens Blue | Jar of 25 Units | Gel Pens for Students | Pens for Office Use | Gel Pens for Writing | Waterproof Gel Pen | Cello Pens,150,,4.1 out of 5 stars,"8,347",B074VGFZN6,False,,https://www.amazon.in/s?k=pen
pen,,,,Parker Aster Matte Black GT Ball Pen,"1,120","1,300",4.2 out of 5 stars,363,B00LM4NN02,False,,https://www.amazon.in/s?k=pen
pen,,,,Parker Classic Gold GT Ball Pen,470,600,4.3 out of 5 stars,"4,493",B00LM4W1N2,False,,https://www.amazon.in/s?k=pen
pen,,,,Cello Gripper Ball Pen | Blue Ball Pens | Jar of 25 Units | Best Ball Pens for Smooth Writing | Ball Pen Set | Writing Pen for Students and Professionals I Cello Stationery,197,200,4.4 out of 5 stars,"4,432",B07LG8V5BQ,False,,https://www.amazon.in/s?k=pen
pen,,,,"Linc Pentonic Gel Pen (Pack of 10, Red Ink)",100,,4.3 out of 5 stars,77,B07SQ9JX9D,False,,https://www.amazon.in/s?k=pen
pen,,,,Reynolds Ball Pen I Lightweight Ball Pen With Comfortable Grip for Extra Smooth Writing I School and Office Stationery | VISTA RT BP 25 PENS JAR - 20 BLUE & 5 BLACK,218,225,5.0 out of 5 stars,2,B09SB2BZ75,False,,https://www.amazon.in/s?k=pen
pen,,,,Paperkraft Chopin- Blue Ball Pen(Pack of 1)|Elegant & Classic Matte Black Finish|Premium Gifting Products|All Metal body|Ideal for Professionals|Official meeting essentials (04030048),136,150,4.3 out of 5 stars,481,B084S6VSR1,False,,https://www.amazon.in/s?k=pen
pen,,,,"Pilot V5 Liquid Ink Roller Ball Pen - 2 Blue + 1 Black, (9000014711)",,,4.5 out of 5 stars,"3,187",B00LOD6POW,False,,https://www.amazon.in/s?k=pen
pen,,,,Parker Vector Gift Set - Parker Roller Ball Pen with Parker Round Key Chain (Ink - Blue),451,500,4.2 out of 5 stars,"3,273",B01LXUUPTU,False,,https://www.amazon.in/s?k=pen
pen,,,,"Hauser Billi Dx Ball pen Pack of 50, Multicolor, (62805)",335,350,3.9 out of 5 stars,25,B09K7FT9TG,False,,https://www.amazon.in/s?k=pen
pen,,,,INVALID DATA CROSS AT0382G-7 Nile Black Ball Pen,"1,995",,4.4 out of 5 stars,451,B006XPTY6C,False,Amazon Prime,https://www.amazon.in/s?k=pen
pen,,,,Reynolds Ball Pen I Lightweight Ball Pen With Comfortable Grip for Extra Smooth Writing I School and Office Stationery | AEROSLIM BP 25 PENS JAR - BLUE,175,,3.7 out of 5 stars,44,B09K7KKLJ8,False,,https://www.amazon.in/s?k=pen
pen,,,,Cross 8513 Medium Refill (Black),370,,4.1 out of 5 stars,"2,252",B000FBXSVC,False,,https://www.amazon.in/s?k=pen
pen,,,,Luxor Super Top Ball Pen Blue (10's Box),100,,4.1 out of 5 stars,615,lredirect/picassoRedirect.ht,True,,https://www.amazon.in/s?k=pen
pen,,,,SHARPIE Black Roller Ball Pen |Smudge Proof Ideal for Regular Office Usage |Stationery Items | Needle Point (0.5mm) |Pack of 2,299,,,,lredirect/picassoRedirect.ht,True,,https://www.amazon.in/s?k=pen
pen,,,,SOL RETAIL 1pcs Feather Quill Ball Point Pen For Gift Harry Potter Office School Supplies - writes in Blue colour ink on paper(colour as per availability),249,375,5.0 out of 5 stars,1,lredirect/picassoRedirect.ht,True,,https://www.amazon.in/s?k=pen
pen,,,,BUZZ COOL Black Metal Body Fountain Ink Pen With Ink Refill Converter Fine Nib 0.5mm,441,"1,499",4.0 out of 5 stars,76,lredirect/picassoRedirect.ht,True,,https://www.amazon.in/s?k=pen
shoe,,,ASIAN,Oxygen-01 Running Shoes for Boys,"1,098","1,999",3.8 out of 5 stars,"1,659",lredirect/picassoRedirect.ht,True,Amazon Prime,https://www.amazon.in/s?k=shoe
shoe,,,Adidas,Men's Clinch-x M Running Shoe,"1,390","2,699",3.9 out of 5 stars,"1,887",lredirect/picassoRedirect.ht,True,Amazon Prime,https://www.amazon.in/s?k=shoe
shoe,,,ASIAN,Men's Plasma-05 Running Shoes for Men I Sport Shoes for Boys with Eva Sole for Extra Jump I Casual Shoes for Men,599,"1,249",3.6 out of 5 stars,38,lredirect/picassoRedirect.ht,True,Amazon Prime,https://www.amazon.in/s?k=shoe
shoe,,,Bourge,Men's Vega-z2 Running Shoes,699,"1,499",4.2 out of 5 stars,"61,258",lredirect/picassoRedirect.ht,True,Amazon Prime,https://www.amazon.in/s?k=shoe
shoe,,,ASIAN,Men's Wonder-13 Sports Running Shoes,498,699.01,4.0 out of 5 stars,"68,306",B01MRN1BY4,False,,https://www.amazon.in/s?k=shoe
shoe,,,Generic,Men's Mesh Off-White Running Sports Shoes,,,,,B0B15FYCCN,False,,https://www.amazon.in/s?k=shoe
shoe,,,Kraasa,Men's Running Shoe,399,999,3.6 out of 5 stars,"5,494",B08D7TD728,False,,https://www.amazon.in/s?k=shoe
shoe,,,Sparx,Men's Sd0323g Sneakers,764,899,4.1 out of 5 stars,"35,785",B077N7DDL1,False,Amazon Prime,https://www.amazon.in/s?k=shoe
shoe,,,NEOSAFE,"NEOSAFE Spark A5005 PVC Labour Safety Shoes (9, Black)",369,499,2.8 out of 5 stars,"5,484",B01M71NZB5,False,,https://www.amazon.in/s?k=shoe
shoe,,,Bourge,Men's Loire-z126 Running Shoes,619,"1,499",3.8 out of 5 stars,"22,988",B07MPZ56SM,False,Amazon Prime,https://www.amazon.in/s?k=shoe
shoe,,,Campus,Men's King PRO Full BLKRunning Shoes,824,"1,099",4.3 out of 5 stars,22,B09RBGB5XG,False,Amazon Prime,https://www.amazon.in/s?k=shoe
shoe,,,BATA,Men's Sa 05 Formal Shoes,769,999,4.0 out of 5 stars,"3,309",B07PDLB66J,False,Amazon Prime,https://www.amazon.in/s?k=shoe
shoe,,,Bourge,Men's Loire-z1 Running Shoes,709,"1,499",4.1 out of 5 stars,"17,348",B07LFBWYDY,False,Amazon Prime,https://www.amazon.in/s?k=shoe
shoe,,,Axter,"Men-9064 Grey Top Best Rates,Sports Shoes,Running Shoes,Trekking Shoes, Comfortable for Men's",231,499,2.8 out of 5 stars,230,B0836DHFX5,False,,https://www.amazon.in/s?k=shoe
shoe,,,Allen Cooper,"Allen Cooper 1008 Hi-Ankle Safety Shoe with Socks, Size-10 UK, Black-Grey","1,315","2,225",4.1 out of 5 stars,920,B013V4EF1G,False,Amazon Prime,https://www.amazon.in/s?k=shoe
shoe,,,Centrino,Men Formal Shoe,749,"2,199",3.9 out of 5 stars,"9,953",B07QTSF2XR,False,Amazon Prime,https://www.amazon.in/s?k=shoe
shoe,,,Campus,Men's Maxico Running Shoe,974,"1,299",3.9 out of 5 stars,"9,628",B0855YNHGN,False,Amazon Prime,https://www.amazon.in/s?k=shoe
shoe,,,ASIAN,"Men's Rider-01 Running,Sports,Walking,Casual Shoes ForBoy's","1,198","1,999",3.7 out of 5 stars,"4,639",B08PKGQ5QF,False,Amazon Prime,https://www.amazon.in/s?k=shoe
shoe,,,Bourge,Men's Vega-z2 Running Shoes,659,"1,499",4.2 out of 5 stars,"61,258",B07RR5P78C,False,Amazon Prime,https://www.amazon.in/s?k=shoe
shoe,,,Campus,Men's Rodeo PRO Running Shoes,849,"1,299",4.0 out of 5 stars,36,B09RPGL846,False,Amazon Prime,https://www.amazon.in/s?k=shoe
shoe,,,Amazon Brand - Symbol,Men's Knit Sneakers,"1,299","3,499",4.1 out of 5 stars,719,B07DJDGL32,False,Amazon Prime,https://www.amazon.in/s?k=shoe
shoe,,,Amazon Brand - Symactive,Mens Men Running Shoe Maroon Mesh Running Shoe_6_ (SYM-FW-CL-005),749,"2,199",4.0 out of 5 stars,1,B093DTF599,False,Amazon Prime,https://www.amazon.in/s?k=shoe
shoe,,,Centrino,mens 6710-3 Sneaker,699,"2,199",4.1 out of 5 stars,28,B09B2HG5PN,False,Amazon Prime,https://www.amazon.in/s?k=shoe
shoe,,,Centrino,Men Sneakers,779,"2,299",4.2 out of 5 stars,35,B07PDQLHFG,False,Amazon Prime,https://www.amazon.in/s?k=shoe
shoe,,,Amazon Brand - Symactive,Mens Men Running Shoe,749,"2,199",4.1 out of 5 stars,7,B093DTBL7M,False,Amazon Prime,https://www.amazon.in/s?k=shoe
shoe,,,Centrino,mens 4606 Casual - Men's Shoes,829,"2,499",4.0 out of 5 stars,143,B081D5XNBT,False,Amazon Prime,https://www.amazon.in/s?k=shoe
shoe,,,Amazon Brand - Symactive,Men's Walking Shoe,699,"2,499",4.0 out of 5 stars,"1,542",B07TSD7XXM,False,Amazon Prime,https://www.amazon.in/s?k=shoe
shoe,,,Amazon Brand - Symactive,Mens Men Running Shoe Black Mesh Running Shoe_6_ (SYM-FW-CL-003),749,"2,299",4.4 out of 5 stars,3,B093DTZC4V,False,Amazon Prime,https://www.amazon.in/s?k=shoe
shoe,,,Adidas,Men's Runmagica M Running Shoe,"2,149","4,299",4.0 out of 5 stars,276,lredirect/picassoRedirect.ht,True,Amazon Prime,https://www.amazon.in/s?k=shoe
shoe,,,Adidas,Men's Blazerunner M Running Shoes,"2,458","5,599",3.8 out of 5 stars,144,lredirect/picassoRedirect.ht,True,Amazon Prime,https://www.amazon.in/s?k=shoe
shoe,,,Puma,Trigger,"1,799","4,499",3.7 out of 5 stars,23,lredirect/picassoRedirect.ht,True,Amazon Prime,https://www.amazon.in/s?k=shoe
shoe,,,Puma,Unisex Adult Blaze Peacoat White Running Shoe-7 Kids UK (19511001),"1,799","3,999",4.3 out of 5 stars,861,lredirect/picassoRedirect.ht,True,Amazon Prime,https://www.amazon.in/s?k=shoe
shoe,,,ASIAN,"Men's Bouncer-01 Sports,Walking,Gym,Training,Running Shoes",499,999,3.7 out of 5 stars,"9,434",B08H12NBVH,False,Amazon Prime,https://www.amazon.in/s?k=shoe
shoe,,,ASIAN,"Men's Creta-12 Running,Sports,Walking Shoes",698,"1,299",3.8 out of 5 stars,"8,580",B096SPCGJ3,False,Amazon Prime,https://www.amazon.in/s?k=shoe
shoe,,,Centrino,Men Formal Shoes,499,"1,499",3.8 out of 5 stars,"3,263",B07CXHJQQ8,False,Amazon Prime,https://www.amazon.in/s?k=shoe
shoe,,,Adidas,Men's Axelate M Shoes,"2,114","4,299",4.1 out of 5 stars,33,B096ND3QSW,False,Amazon Prime,https://www.amazon.in/s?k=shoe
shoe,,,FLITE,Men Shoes,249,,3.6 out of 5 stars,"3,541",B07DRRSH7N,False,,https://www.amazon.in/s?k=shoe
shoe,,,DSC,Zooter Cricket Shoe for Men and Boys,849,,3.9 out of 5 stars,"1,648",B08PWKR796,False,Amazon Prime,https://www.amazon.in/s?k=shoe
shoe,,,Sparx,Men's Running Shoes,892,"1,049",4.1 out of 5 stars,"2,774",B07VX52B3C,False,Amazon Prime,https://www.amazon.in/s?k=shoe
shoe,,,Tiger,"Tiger Black Lorex Safety Shoes, 8 Inch",990,"1,240",4.0 out of 5 stars,"3,781",B01CJEDKWO,False,Amazon Prime,https://www.amazon.in/s?k=shoe
shoe,,,Sparx,Men SM-241 White Navy Blue Sports Shoes,"1,303","1,499",4.0 out of 5 stars,"2,571",B01AQPHKDS,False,Amazon Prime,https://www.amazon.in/s?k=shoe
shoe,,,Allen Cooper,"Allen Cooper 1156 Men's Buff Suede Leather with Black Cordura Safety Shoe, Size-9 UK, Grey (1 Pair Free Socks)","1,510","2,425",4.1 out of 5 stars,"1,393",B013V4EC6O,False,Amazon Prime,https://www.amazon.in/s?k=shoe
shoe,,,Campus,Men's ROC PRO L.Gry/R.Slate Running Shoes -8 UK/India,970,"1,599",4.2 out of 5 stars,42,B08R3YDFCR,False,Amazon Prime,https://www.amazon.in/s?k=shoe
shoe,,,Campus,Women's Jessica BLK/Rani Running Shoes,695,"1,049",5.0 out of 5 stars,1,B09PRHM9X6,False,Amazon Prime,https://www.amazon.in/s?k=shoe
shoe,,,Nivia,"Aviator 102705 Football Futsal Shoes, UK",289,859,4.0 out of 5 stars,715,B07JJ75GY4,False,,https://www.amazon.in/s?k=shoe
shoe,,,Nivia,HY-Court 2.0 Mens Badminton Shoe,"1,493","1,549",4.2 out of 5 stars,"2,612",B07W3F826K,False,Amazon Prime,https://www.amazon.in/s?k=shoe
shoe,,,ASIAN,Men's Future-01 Running Shoes,486,649,3.8 out of 5 stars,"4,835",B019WGI8DS,False,,https://www.amazon.in/s?k=shoe
shoe,,,Puma,Mens Dexster Slip on Idp Closed Shoe,"1,111","3,999",3.8 out of 5 stars,241,B084HZTY6F,False,Amazon Prime,https://www.amazon.in/s?k=shoe
shoe,,,TYNOR,"Tynor Cast Shoe Rocker Sole, Grey, Large, 1 Unit",350,620,3.8 out of 5 stars,393,B00I99H01G,False,,https://www.amazon.in/s?k=shoe
shoe,,,DSC,mens Belter Shoes Cricket Footwear,766,849,4.0 out of 5 stars,160,B09M8QGNY2,False,Amazon Prime,https://www.amazon.in/s?k=shoe
shoe,,,BATA,Men's Boss-sail Uniform Dress Shoe,884,999,4.1 out of 5 stars,129,B09LVC1K26,False,Amazon Prime,https://www.amazon.in/s?k=shoe
shoe,,,Red Chief,Formal Shoes for Men RC3500,"1,642","4,299",4.1 out of 5 stars,"2,842",B075LDSP92,False,Amazon Prime,https://www.amazon.in/s?k=shoe
shoe,,,Campus,Women's Zoe Plus Casual Shoes,436,649,3.8 out of 5 stars,199,B08W8HBVCT,False,,https://www.amazon.in/s?k=shoe
shoe,,,Campus,Men's S-Cross PRO BLKRunning Shoes,766,"1,099",4.0 out of 5 stars,22,B09RBFXKKQ,False,Amazon Prime,https://www.amazon.in/s?k=shoe
shoe,,,Campus,mens Jasper Running Shoes,944,"1,499",3.8 out of 5 stars,583,B082WXDZ55,False,Amazon Prime,https://www.amazon.in/s?k=shoe
shoe,,,Adidas India Private Limited,Adidas Men's Drogo M CBLACK/FTWWHT Running Shoes-10 UK/India (44 EU)(CL4154_10) - CBLACK/FTWWHT - 10 UK - CBLACK/FTWWHT - 10 UK (10.5 US),"2,699",,4.2 out of 5 stars,337,B07M871FCV,False,Amazon Prime,https://www.amazon.in/s?k=shoe
shoe,,,Nivia,Badminton Flash Shoes,999,"1,069",4.0 out of 5 stars,"4,682",B018NVFFJS,False,Amazon Prime,https://www.amazon.in/s?k=shoe
shoe,,,Puma,Women's Harper WN's Idp Running Shoe,"1,689","3,999",4.5 out of 5 stars,4,B09RGCQ9KG,False,Amazon Prime,https://www.amazon.in/s?k=shoe
shoe,,,TYING,Men's Trendy & Stylish (9273) Black & Sports Sneakers Running Shoes,259,998,2.8 out of 5 stars,"1,149",B08JM3NM82,False,,https://www.amazon.in/s?k=shoe
shoe,,,Skechers,Women's Go Walk Joy-Admirable Walking Shoe,"2,949","4,999",4.5 out of 5 stars,66,B07TTDPJJZ,False,Amazon Prime,https://www.amazon.in/s?k=shoe
shoe,,,Tiger,"Tiger Men's Leather Leopard High Ankle with Steel Toe Safety Shoes (Black, Size 9 UK )",989,994,4.0 out of 5 stars,"3,114",B07G8D62N3,False,Amazon Prime,https://www.amazon.in/s?k=shoe
shoe,,,Adidas,Men's Quickflow M Running Shoe,"2,127","3,999",3.8 out of 5 stars,34,B094P3JHP6,False,Amazon Prime,https://www.amazon.in/s?k=shoe
shoe,,,Nivia,Super Court Badminton Shoe,"1,439","1,499",4.1 out of 5 stars,498,B01KHJU0LW,False,Amazon Prime,https://www.amazon.in/s?k=shoe
shoe,,,ASIAN,"Plasma-08 sports shoes for men | Latest Stylish Casual sport shoes for men | running shoes for boys | Lace up Lightweight navy shoes for running, walking, gym, trekking, hiking & party Running Shoes For Men",598,"1,249",3.5 out of 5 stars,"1,566",B09GMDGFV6,False,Amazon Prime,https://www.amazon.in/s?k=shoe
shoe,,,Adidas,Mens Klench M Running Shoes,"2,326","5,299",3.8 out of 5 stars,111,lredirect/picassoRedirect.ht,True,Amazon Prime,https://www.amazon.in/s?k=shoe
shoe,,,Adidas,Men's Adi Form M VICBLU/ACTGOL/Conavy Running Shoe-6 Kids UK (HMI58),"2,206","4,799",3.5 out of 5 stars,3,lredirect/picassoRedirect.ht,True,Amazon Prime,https://www.amazon.in/s?k=shoe
shoe,,,Adidas,Men's Classic Runner Running Shoe,"5,418","5,999",3.9 out of 5 stars,78,lredirect/picassoRedirect.ht,True,Amazon Prime,https://www.amazon.in/s?k=shoe
shoe,,,Adidas,Men's Racardi M Running Shoe,"2,202","4,599",4.2 out of 5 stars,64,lredirect/picassoRedirect.ht,True,Amazon Prime,https://www.amazon.in/s?k=shoe
category,Deal_of_day,best_seller,title,description,price,original-price,review,No_of_review,id,sponsered,prime_tag,start_url
bottle,,,,,599,"1,080",3.6 out of 5 stars,"7,405",FB0995VW65M,True,Amazon Prime,https://www.amazon.in/s?k=bottle
bottle,,,,,599,"1,100",4.4 out of 5 stars,"1,005",FB07PB95QJG,True,Amazon Prime,https://www.amazon.in/s?k=bottle
bottle,,,,,349,550,4.1 out of 5 stars,758,FB07P7ZXPMJ,True,,https://www.amazon.in/s?k=bottle
bottle,,,,,429,875,4.0 out of 5 stars,"1,203",FB07P94V2ZL,True,,https://www.amazon.in/s?k=bottle
bottle,,,,,441,540,4.4 out of 5 stars,"23,695",B07BFBNFSF,False,,https://www.amazon.in/s?k=bottle
bottle,,,,,599,999,"Get it by Friday, May 20",,B0B1BJ4LMN,False,,https://www.amazon.in/s?k=bottle
bottle,,,,,599,"1,080",3.6 out of 5 stars,"7,405",B0995VW65M,False,Amazon Prime,https://www.amazon.in/s?k=bottle
bottle,,,,,399,700,4.4 out of 5 stars,"15,505",B07P7ZWQMZ,False,,https://www.amazon.in/s?k=bottle
bottle,,,,,684,"1,182",4.4 out of 5 stars,"6,828",B01IVBR4Y4,False,,https://www.amazon.in/s?k=bottle
bottle,,,,,753,825,4.3 out of 5 stars,365,B07VS1G1HL,False,,https://www.amazon.in/s?k=bottle
bottle,,,,,429,875,4.0 out of 5 stars,"1,203",B07P94V2ZL,False,,https://www.amazon.in/s?k=bottle
bottle,,,,,299,445,4.1 out of 5 stars,496,B07P5XMM88,False,,https://www.amazon.in/s?k=bottle
bottle,,,,,449,690,4.3 out of 5 stars,"2,670",B07P5XN4KZ,False,,https://www.amazon.in/s?k=bottle
bottle,,,,,729,"1,350",4.1 out of 5 stars,"3,653",B08FXN3NV2,False,,https://www.amazon.in/s?k=bottle
bottle,,,,,269,399,4.3 out of 5 stars,239,B07P5XN4S1,False,,https://www.amazon.in/s?k=bottle
bottle,,,,,469,699,4.3 out of 5 stars,197,B07PB972NX,False,,https://www.amazon.in/s?k=bottle
bottle,,,,,259,299,4.0 out of 5 stars,237,B08D7PR6QP,False,,https://www.amazon.in/s?k=bottle
bottle,,,,,259,475,4.1 out of 5 stars,480,B07HCJPP17,False,,https://www.amazon.in/s?k=bottle
bottle,,,,,264,353,4.2 out of 5 stars,"4,275",B079RJNJVR,False,,https://www.amazon.in/s?k=bottle
bottle,,,,,343,441,4.0 out of 5 stars,"24,460",B079R9W1B6,False,,https://www.amazon.in/s?k=bottle
bottle,,,,,310,349,3.3 out of 5 stars,206,B09BP2M4SM,False,,https://www.amazon.in/s?k=bottle
bottle,,,,,325,549,3.8 out of 5 stars,"2,217",B08FYVDRNK,False,,https://www.amazon.in/s?k=bottle
bottle,,,,,684,"1,182",4.4 out of 5 stars,"6,828",B01IVBR4Y4,False,Amazon Prime,https://www.amazon.in/s?k=bottle
bottle,,,,,457,487,3.5 out of 5 stars,"4,448",B07THZR677,False,,https://www.amazon.in/s?k=bottle
bottle,,,,,"1,079","1,195",4.3 out of 5 stars,"19,342",B07VDTDS97,False,Amazon Prime,https://www.amazon.in/s?k=bottle
bottle,,,,,215,270,4.1 out of 5 stars,"3,908",B01BSY2ZTU,False,,https://www.amazon.in/s?k=bottle
bottle,,,,,"1,160","1,450",4.4 out of 5 stars,"55,117",B00JDACK3S,False,Amazon Prime,https://www.amazon.in/s?k=bottle
bottle,,,,,799,"1,025",3.8 out of 5 stars,"9,679",B0824ZFCDN,False,Amazon Prime,https://www.amazon.in/s?k=bottle
bottle,,,,,299,352,4.3 out of 5 stars,"4,439",B077Z99BP2,False,,https://www.amazon.in/s?k=bottle
bottle,,,,,89,109,3.6 out of 5 stars,"1,264",B09LHX49HP,False,,https://www.amazon.in/s?k=bottle
bottle,,,,,399,700,4.4 out of 5 stars,"15,505",B07P7ZWQMZ,False,,https://www.amazon.in/s?k=bottle
bottle,,,,,399,700,4.4 out of 5 stars,"15,505",FB07P7ZWQMZ,True,,https://www.amazon.in/s?k=bottle
bottle,,,,,790,975,4.3 out of 5 stars,"19,342",FB07DFQ7M98,True,Amazon Prime,https://www.amazon.in/s?k=bottle
bottle,,,,,449,690,4.3 out of 5 stars,"2,670",FB07P5XN4KZ,True,,https://www.amazon.in/s?k=bottle
bottle,,,,,339,445,4.2 out of 5 stars,935,FB07P94V2ZN,True,,https://www.amazon.in/s?k=bottle
bottle,,,,,449,567,4.0 out of 5 stars,"4,937",B07TK1Y6H3,False,,https://www.amazon.in/s?k=bottle
bottle,,,,,377,591,4.3 out of 5 stars,"10,673",B01BYBU24W,False,,https://www.amazon.in/s?k=bottle
bottle,,,,,979,"1,095",4.4 out of 5 stars,"2,178",B07VS1GPSN,False,Amazon Prime,https://www.amazon.in/s?k=bottle
bottle,,,,,349,999,3.9 out of 5 stars,8,B09TBB8NKP,False,,https://www.amazon.in/s?k=bottle
bottle,,,,,332,376,4.0 out of 5 stars,"2,819",B07CM5DDTH,False,,https://www.amazon.in/s?k=bottle
bottle,,,,,475,999,4.3 out of 5 stars,652,B09876TRRB,False,,https://www.amazon.in/s?k=bottle
bottle,,,,,455.05,"1,199",4.4 out of 5 stars,"1,144",B0993Z5HQ5,False,,https://www.amazon.in/s?k=bottle
bottle,,,,,323,399,3.9 out of 5 stars,239,B093SJC8Z5,False,,https://www.amazon.in/s?k=bottle
bottle,,,,,574,"1,299",4.5 out of 5 stars,2,B09ZF3JG19,False,,https://www.amazon.in/s?k=bottle
bottle,,,,,339,"1,199",3.7 out of 5 stars,7,B09YLYN9ZM,False,,https://www.amazon.in/s?k=bottle
bottle,,,,,999,"1,999",3.5 out of 5 stars,20,B09S5VQJNG,False,,https://www.amazon.in/s?k=bottle
bottle,,,,,338,749,4.2 out of 5 stars,"1,004",B0851JC9LM,False,,https://www.amazon.in/s?k=bottle
bottle,,,,,599,"1,100",4.4 out of 5 stars,"1,005",B07PB95QJG,False,Amazon Prime,https://www.amazon.in/s?k=bottle
bottle,,,,,959,"1,999","Get it by Friday, May 20",,B09YLDR6ZM,False,,https://www.amazon.in/s?k=bottle
bottle,,,,,494,999,3.6 out of 5 stars,258,B09BG23RC3,False,,https://www.amazon.in/s?k=bottle
bottle,,,,,360,,4.4 out of 5 stars,25,B09TDWFTGC,False,,https://www.amazon.in/s?k=bottle
bottle,,,,,679,"2,199",4.6 out of 5 stars,35,B09K7Q5CHR,False,,https://www.amazon.in/s?k=bottle
bottle,,,,,299,499,4.5 out of 5 stars,2,B09YTLWVCK,False,,https://www.amazon.in/s?k=bottle
bottle,,,,,964,"1,205",4.3 out of 5 stars,"79,200",B00MIYM0VS,False,Amazon Prime,https://www.amazon.in/s?k=bottle
bottle,,,,,499,999,3.4 out of 5 stars,"1,375",B0922XFNLX,False,,https://www.amazon.in/s?k=bottle
bottle,,,,,399,799,3.7 out of 5 stars,29,B09N9DPFLL,False,,https://www.amazon.in/s?k=bottle
bottle,,,,,703,"1,008",4.4 out of 5 stars,"9,090",B01AEMWVYQ,False,Amazon Prime,https://www.amazon.in/s?k=bottle
bottle,,,,,318,999,3.4 out of 5 stars,126,B08WQ7QMNM,False,,https://www.amazon.in/s?k=bottle
bottle,,,,,,,4.3 out of 5 stars,"14,974",B01BYBTZJA,False,,https://www.amazon.in/s?k=bottle
bottle,,,,,369,499,5.0 out of 5 stars,2,B092VW3HWH,False,,https://www.amazon.in/s?k=bottle
bottle,,,,,550,900,3.8 out of 5 stars,406,B08KGCPLDK,False,Amazon Prime,https://www.amazon.in/s?k=bottle
bottle,,,,,549,999,3.9 out of 5 stars,332,B098BRFG29,False,Amazon Prime,https://www.amazon.in/s?k=bottle
bottle,,,,,399,899,"Get it by Sunday, May 22",,B09Z8D4KS7,False,,https://www.amazon.in/s?k=bottle
bottle,,,,,,,3.9 out of 5 stars,"6,960",B07NJJ7LDK,False,,https://www.amazon.in/s?k=bottle
bottle,,,,,599,608,4.4 out of 5 stars,"1,351",B072DTRY5L,False,Amazon Prime,https://www.amazon.in/s?k=bottle
bottle,,,,,799,"1,499",4.5 out of 5 stars,"3,774",B093YTMMBW,False,Amazon Prime,https://www.amazon.in/s?k=bottle
bottle,,,,,384,436,4.0 out of 5 stars,"1,183",B07T1MC75M,False,,https://www.amazon.in/s?k=bottle
bottle,,,,,"1,175","1,800",3.8 out of 5 stars,54,FB08KW6H9P2,True,,https://www.amazon.in/s?k=bottle
bottle,,,,,289,475,4.2 out of 5 stars,"1,057",FB07HCS39QD,True,,https://www.amazon.in/s?k=bottle
bottle,,,,,349,799,3.8 out of 5 stars,143,FB09JFD1RQQ,True,,https://www.amazon.in/s?k=bottle
bottle,,,,,569,825,4.3 out of 5 stars,"1,316",FB07HCLLG27,True,Amazon Prime,https://www.amazon.in/s?k=bottle
pen,,,,,149,180,3.9 out of 5 stars,11,FB09M76VL39,True,,https://www.amazon.in/s?k=pen
pen,,,,,110,,3.8 out of 5 stars,9,FB09TH3Y64F,True,,https://www.amazon.in/s?k=pen
pen,,,,,425,,,,FB09X76J5C5,True,,https://www.amazon.in/s?k=pen
pen,,,,,225,,5.0 out of 5 stars,1,FB09X6ZTZ2X,True,,https://www.amazon.in/s?k=pen
pen,,,,,123,150,4.1 out of 5 stars,"5,115",B08FDSM563,False,,https://www.amazon.in/s?k=pen
pen,,,,,95,100,4.3 out of 5 stars,"9,990",B01INWEX9U,False,,https://www.amazon.in/s?k=pen
pen,,,,,87,100,4.3 out of 5 stars,"9,691",B07D4MYZFH,False,,https://www.amazon.in/s?k=pen
pen,,,,,,,4.3 out of 5 stars,"3,560",B07KCMR8D6,False,,https://www.amazon.in/s?k=pen
pen,,,,,80,100,4.3 out of 5 stars,"8,355",B07JB2Y4SR,False,,https://www.amazon.in/s?k=pen
pen,,,,,100,,4.4 out of 5 stars,"9,031",B01HYUSCZI,False,,https://www.amazon.in/s?k=pen
pen,,,,,329,450,4.6 out of 5 stars,"5,660",B000TKEZDO,False,,https://www.amazon.in/s?k=pen
pen,,,,,359,600,4.3 out of 5 stars,"11,783",B078WJM15Y,False,,https://www.amazon.in/s?k=pen
pen,,,,,329,400,4.0 out of 5 stars,177,B08P6WKGZ5,False,,https://www.amazon.in/s?k=pen
pen,,,,,399,"1,000",4.2 out of 5 stars,"2,998",B07SM9CSWT,False,,https://www.amazon.in/s?k=pen
pen,,,,,399,"1,000",4.3 out of 5 stars,"2,855",B07SNFK6TP,False,,https://www.amazon.in/s?k=pen
pen,,,,,100,,4.3 out of 5 stars,"8,390",B07LH193C7,False,,https://www.amazon.in/s?k=pen
pen,,,,,133,200,4.3 out of 5 stars,"8,504",B07GQQCC9G,False,,https://www.amazon.in/s?k=pen
pen,,,,,200,,4.3 out of 5 stars,"2,075",B07GR3VWTX,False,,https://www.amazon.in/s?k=pen
pen,,,,,475,500,4.5 out of 5 stars,"3,258",B08ZS31HQR,False,,https://www.amazon.in/s?k=pen
pen,,,,,100,,4.4 out of 5 stars,"9,031",B07X7V685V,False,,https://www.amazon.in/s?k=pen
pen,,,,,226,250,4.3 out of 5 stars,"7,202",B07KCKDZ7L,False,,https://www.amazon.in/s?k=pen
pen,,,,,100,,4.4 out of 5 stars,"9,031",B01HYUSCZI,False,,https://www.amazon.in/s?k=pen
pen,,,,,120,,4.2 out of 5 stars,"3,486",B07SBGFDX9,False,,https://www.amazon.in/s?k=pen
pen,,,,,100,,4.1 out of 5 stars,"4,734",B00S2SEV7K,False,,https://www.amazon.in/s?k=pen
pen,,,,,120,,4.4 out of 5 stars,"7,042",B07LH2KW67,False,,https://www.amazon.in/s?k=pen
pen,,,,,200,250,4.3 out of 5 stars,"2,818",B07ZQ74JFH,False,,https://www.amazon.in/s?k=pen
pen,,,,,80,,3.0 out of 5 stars,2,B09TH4JV9S,False,,https://www.amazon.in/s?k=pen
pen,,,,,"1,090","1,420",4.3 out of 5 stars,"1,557",B01LXJ7XPO,False,Amazon Prime,https://www.amazon.in/s?k=pen
pen,,,,,325,,,,FB09TH5DMQ6,True,,https://www.amazon.in/s?k=pen
pen,,,,,299,,,,FB09X6YQMH1,True,,https://www.amazon.in/s?k=pen
pen,,,,,410,800,3.7 out of 5 stars,20,FB09GPCLXXG,True,,https://www.amazon.in/s?k=pen
pen,,,,,375,,,,FB09TH4M468,True,,https://www.amazon.in/s?k=pen
pen,,,,,310,420,4.2 out of 5 stars,"1,089",B07LFQLKFZ,False,,https://www.amazon.in/s?k=pen
pen,,,,,152,175,4.2 out of 5 stars,"18,182",B074VD1BVV,False,,https://www.amazon.in/s?k=pen
pen,,,,,289,400,4.4 out of 5 stars,"1,949",B00VA7ZO6C,False,,https://www.amazon.in/s?k=pen
pen,,,,,350,375,4.5 out of 5 stars,907,B07TTSHXBV,False,,https://www.amazon.in/s?k=pen
pen,,,,,"1,120","1,300",4.2 out of 5 stars,363,B00LM4NN02,False,,https://www.amazon.in/s?k=pen
pen,,,,,110,,3.8 out of 5 stars,9,B09TH3Y64F,False,,https://www.amazon.in/s?k=pen
pen,,,,,173,225,3.7 out of 5 stars,35,B09K7LRHCT,False,,https://www.amazon.in/s?k=pen
pen,,,,,197,200,4.4 out of 5 stars,"4,432",B07LG8V5BQ,False,,https://www.amazon.in/s?k=pen
pen,,,,,175,,4.3 out of 5 stars,138,B0852K4FWS,False,,https://www.amazon.in/s?k=pen
pen,,,,,194,199,4.5 out of 5 stars,186,B09K7MH39X,False,,https://www.amazon.in/s?k=pen
pen,,,,,200,250,4.4 out of 5 stars,730,B08JVD5H4Q,False,,https://www.amazon.in/s?k=pen
pen,,,,,290,300,4.5 out of 5 stars,"1,163",B07PGTWCW2,False,,https://www.amazon.in/s?k=pen
pen,,,,,,,4.2 out of 5 stars,"2,177",B07GR4RC16,False,,https://www.amazon.in/s?k=pen
pen,,,,,375,,4.4 out of 5 stars,"1,870",B07CJ325JP,False,,https://www.amazon.in/s?k=pen
pen,,,,,295,300,4.4 out of 5 stars,"2,268",B07JFDPFZN,False,,https://www.amazon.in/s?k=pen
pen,,,,,,,4.5 out of 5 stars,"3,012",B00LOD6J7K,False,,https://www.amazon.in/s?k=pen
pen,,,,,470,600,4.3 out of 5 stars,"4,493",B00LM4W1N2,False,,https://www.amazon.in/s?k=pen
pen,,,,,175,,3.7 out of 5 stars,44,B09K7KKLJ8,False,,https://www.amazon.in/s?k=pen
pen,,,,,160,200,4.4 out of 5 stars,"7,137",B07NN6L9XJ,False,,https://www.amazon.in/s?k=pen
pen,,,,,119,150,4.4 out of 5 stars,"1,139",B00LOD690W,False,,https://www.amazon.in/s?k=pen
pen,,,,,420,500,4.3 out of 5 stars,298,B07RJC1H73,False,,https://www.amazon.in/s?k=pen
pen,,,,,218,225,5.0 out of 5 stars,2,B09SB2BZ75,False,,https://www.amazon.in/s?k=pen
pen,,,,,344,375,4.5 out of 5 stars,"1,053",B07H7BYSG8,False,,https://www.amazon.in/s?k=pen
pen,,,,,599,600,4.2 out of 5 stars,"2,142",B016DEY4YE,False,Amazon Prime,https://www.amazon.in/s?k=pen
pen,,,,,451,500,4.2 out of 5 stars,"3,273",B01LXUUPTU,False,,https://www.amazon.in/s?k=pen
pen,,,,,220,250,4.3 out of 5 stars,"9,691",B08DV3G1XS,False,,https://www.amazon.in/s?k=pen
pen,,,,,840,900,4.3 out of 5 stars,339,B07ZNS27SW,False,Amazon Prime,https://www.amazon.in/s?k=pen
pen,,,,,226,300,4.0 out of 5 stars,"2,796",B00LZPQVMK,False,,https://www.amazon.in/s?k=pen
pen,,,,,136,150,4.3 out of 5 stars,481,B084S6VSR1,False,,https://www.amazon.in/s?k=pen
pen,,,,,,,4.5 out of 5 stars,"3,187",B00LOD6POW,False,,https://www.amazon.in/s?k=pen
pen,,,,,520,725,4.4 out of 5 stars,"2,113",B00LM4VGA6,False,Amazon Prime,https://www.amazon.in/s?k=pen
pen,,,,,226,300,4.1 out of 5 stars,"6,003",B00LZPQFN0,False,,https://www.amazon.in/s?k=pen
pen,,,,,100,,4.1 out of 5 stars,615,FB07XRS5YLT,True,,https://www.amazon.in/s?k=pen
pen,,,,,299,,,,FB09TJCPY9J,True,,https://www.amazon.in/s?k=pen
pen,,,,,249,375,5.0 out of 5 stars,1,FB09SJ214MR,True,,https://www.amazon.in/s?k=pen
pen,,,,,441,"1,499",4.0 out of 5 stars,76,FB09J2YPFH8,True,,https://www.amazon.in/s?k=pen
shoe,,,ASIAN,Oxygen-01 Running Shoes for Boys,"1,098","1,999",3.8 out of 5 stars,"1,659",lredirect/picassoRedirect.htm,True,Amazon Prime,https://www.amazon.in/s?k=shoe
shoe,,,Bourge,Men's Vega-z2 Running Shoes,659,999,4.2 out of 5 stars,"61,258",lredirect/picassoRedirect.htm,True,,https://www.amazon.in/s?k=shoe
shoe,,,Adidas,Men's Beamers M Running Shoe,"2,290","4,299",3.8 out of 5 stars,626,lredirect/picassoRedirect.htm,True,Amazon Prime,https://www.amazon.in/s?k=shoe
shoe,,,Adidas,Men's Clinch-x M Running Shoe,"1,390","2,699",3.9 out of 5 stars,"1,887",lredirect/picassoRedirect.htm,True,Amazon Prime,https://www.amazon.in/s?k=shoe
shoe,,,ASIAN,Men's Wonder-13 Sports Running Shoes,498,699.01,4.0 out of 5 stars,"68,306",B01MRN1BY4,False,,https://www.amazon.in/s?k=shoe
shoe,,,MUTAQINOTI,Men's Oxford Luxury Leather Shoes for Men Formal (MQVXDT) (Goel),"1,369","4,999",,,B09ZV3K51F,False,,https://www.amazon.in/s?k=shoe
shoe,,,Kraasa,Men's Running Shoe,399,999,3.6 out of 5 stars,"5,494",B08D7TD728,False,,https://www.amazon.in/s?k=shoe
shoe,,,Bourge,Men's Loire-z126 Running Shoes,619,"1,499",3.8 out of 5 stars,"22,988",B07MPZ56SM,False,Amazon Prime,https://www.amazon.in/s?k=shoe
shoe,,,DSC,Men's Beamer Cricket Shoes,679,,4.0 out of 5 stars,"5,559",B07WN5L574,False,Amazon Prime,https://www.amazon.in/s?k=shoe
shoe,,,FEROC,Men's Cricket Shoes,999,"1,799",4.0 out of 5 stars,433,B06VYHJVBH,False,Amazon Prime,https://www.amazon.in/s?k=shoe
shoe,,,Vector X,Blast Cricket Shoes,549,,3.8 out of 5 stars,"1,809",B00PFJQ0DC,False,Amazon Prime,https://www.amazon.in/s?k=shoe
shoe,,,Nivia,Caribbean Cricket Shoes,"1,180","1,399",4.0 out of 5 stars,"1,017",B0155FN3YO,False,Amazon Prime,https://www.amazon.in/s?k=shoe
shoe,,,Amazon Brand - Symbol,Men's Knit Sneakers,"1,299","3,499",4.1 out of 5 stars,719,B07DJDGL32,False,Amazon Prime,https://www.amazon.in/s?k=shoe
shoe,,,Amazon Brand - Symactive,Mens Men Running Shoe Maroon Mesh Running Shoe_6_ (SYM-FW-CL-005),749,"2,199",4.0 out of 5 stars,1,B093DTF599,False,Amazon Prime,https://www.amazon.in/s?k=shoe
shoe,,,Centrino,mens 6710-3 Sneaker,699,"2,199",4.1 out of 5 stars,28,B09B2HG5PN,False,Amazon Prime,https://www.amazon.in/s?k=shoe
shoe,,,Centrino,Men Sneakers,779,"2,299",4.2 out of 5 stars,35,B07PDQLHFG,False,Amazon Prime,https://www.amazon.in/s?k=shoe
shoe,,,Amazon Brand - Symactive,Mens Men Running Shoe,749,"2,199",4.1 out of 5 stars,7,B093DTBL7M,False,Amazon Prime,https://www.amazon.in/s?k=shoe
shoe,,,Centrino,mens 4606 Casual - Men's Shoes,829,"2,499",4.0 out of 5 stars,143,B081D5XNBT,False,Amazon Prime,https://www.amazon.in/s?k=shoe
shoe,,,Amazon Brand - Symactive,Men's Walking Shoe,699,"2,499",4.0 out of 5 stars,"1,542",B07TSD7XXM,False,Amazon Prime,https://www.amazon.in/s?k=shoe
shoe,,,Amazon Brand - Symactive,Mens Men Running Shoe Black Mesh Running Shoe_6_ (SYM-FW-CL-003),749,"2,299",4.4 out of 5 stars,3,B093DTZC4V,False,Amazon Prime,https://www.amazon.in/s?k=shoe
shoe,,,BATA,Men's Sa 05 Formal Shoes,769,999,4.0 out of 5 stars,"3,309",B07PDLB66J,False,Amazon Prime,https://www.amazon.in/s?k=shoe
shoe,,,Centrino,Men Formal Shoes,499,,3.8 out of 5 stars,"3,263",B07CX4YFJG,False,Amazon Prime,https://www.amazon.in/s?k=shoe
shoe,,,Nivia,Badminton Flash Shoes,999,"1,069",4.0 out of 5 stars,"4,682",B018NVFFJS,False,Amazon Prime,https://www.amazon.in/s?k=shoe
shoe,,,Adidas,Men's Quickflow M Running Shoe,"2,127","3,999",3.8 out of 5 stars,34,B094P3JHP6,False,Amazon Prime,https://www.amazon.in/s?k=shoe
shoe,,,ASIAN,"Women's Tokyo-01 Sports,Running,Walking & Casual Sneakers Shoes…",499,999,3.8 out of 5 stars,"1,094",B09W67XYQL,False,Amazon Prime,https://www.amazon.in/s?k=shoe
shoe,,,ASIAN,"Men's Rider-01 Running,Sports,Walking,Casual Shoes ForBoy's","1,198","1,999",3.7 out of 5 stars,"4,639",B08PKGQ5QF,False,Amazon Prime,https://www.amazon.in/s?k=shoe
shoe,,,ASIAN,"Men's Bouncer-01 Sports,Walking,Gym,Training,Running Shoes",499,999,3.7 out of 5 stars,"9,434",B08H12NBVH,False,Amazon Prime,https://www.amazon.in/s?k=shoe
shoe,,,Campus,Men's Rodeo PRO Running Shoes,849,"1,299",4.0 out of 5 stars,36,B09RPC55Z7,False,Amazon Prime,https://www.amazon.in/s?k=shoe
shoe,,,Puma,Women's Harper WN's Idp Running Shoe,"1,689","3,999",4.5 out of 5 stars,4,B09RGCQ9KG,False,Amazon Prime,https://www.amazon.in/s?k=shoe
shoe,,,Reebok,Men's Navigation Point Shoes,"1,899","3,799",4.1 out of 5 stars,40,B096N6WW5S,False,Amazon Prime,https://www.amazon.in/s?k=shoe
shoe,,,NEOSAFE,"NEOSAFE Spark A5005 PVC Labour Safety Shoes (8, Black)",369,499,2.8 out of 5 stars,"5,484",B01M29FXVE,False,,https://www.amazon.in/s?k=shoe
shoe,,,Bourge,Men's Loire-z1 Running Shoes,709,"1,499",4.1 out of 5 stars,"17,348",B07LF48NWV,False,Amazon Prime,https://www.amazon.in/s?k=shoe
shoe,,,Adidas,Men's Runmagica M Running Shoe,"2,149","4,299",4.0 out of 5 stars,276,lredirect/picassoRedirect.htm,True,Amazon Prime,https://www.amazon.in/s?k=shoe
shoe,,,Adidas,Men's Blazerunner M Running Shoes,"2,458","5,599",3.8 out of 5 stars,144,lredirect/picassoRedirect.htm,True,Amazon Prime,https://www.amazon.in/s?k=shoe
shoe,,,Puma,Trigger,"1,799","4,499",3.7 out of 5 stars,23,lredirect/picassoRedirect.htm,True,Amazon Prime,https://www.amazon.in/s?k=shoe
shoe,,,Puma,Unisex Adult Blaze Peacoat White Running Shoe-7 Kids UK (19511001),"1,799","3,999",4.3 out of 5 stars,861,lredirect/picassoRedirect.htm,True,Amazon Prime,https://www.amazon.in/s?k=shoe
shoe,,,Amazon Brand - Symbol,Men's Formal Shoes,599,"1,299",3.9 out of 5 stars,"2,149",B084GQGBN2,False,Amazon Prime,https://www.amazon.in/s?k=shoe
shoe,,,Campus,Men's Oxyfit Running Shoe,899,999,4.2 out of 5 stars,176,B09RPVZK5S,False,Amazon Prime,https://www.amazon.in/s?k=shoe
shoe,,,DSC,Zooter Cricket Shoe for Men and Boys,849,,3.9 out of 5 stars,"1,648",B08PWKR796,False,Amazon Prime,https://www.amazon.in/s?k=shoe
shoe,,,JointlyCreating,Mens Casual Mesh Walking Shoes Outdoor Sport Sneakers,"6,325",,3.8 out of 5 stars,"1,225",B07H3WQKFK,False,,https://www.amazon.in/s?k=shoe
shoe,,,MILLAT MARBLE,"Men Sport Shoes, Casual Shoes, Best Shoes",599,999,,,B09VKMNJXY,False,,https://www.amazon.in/s?k=shoe
shoe,,,Generic,Trigun Fashion Shoes Men Lightweight Walking Footwear Sports Shoes,799,970,,,B09WVCFJ3Q,False,Amazon Prime,https://www.amazon.in/s?k=shoe
shoe,,,URBAN SHOES,"Men's Running Shoe Sports Shoes, Without lace Slip on Shoes",799,"1,999",,,B09WK8VVX9,False,,https://www.amazon.in/s?k=shoe
shoe,,,Nivia,Super Court Badminton Shoe,"1,439","1,499",4.1 out of 5 stars,498,B01KHJU0LW,False,Amazon Prime,https://www.amazon.in/s?k=shoe
shoe,,,Reebok,Men's Austin 2.0 Shoes,"1,389","2,299",4.6 out of 5 stars,3,B096N6P2NR,False,Amazon Prime,https://www.amazon.in/s?k=shoe
shoe,,,ASIAN,Popcorn-02 Running Shoes for Men I Sport Shoes for Boys with Beads Technology Sole for Extra Jump I Memory Foam Insole Running Shoes for Men,"1,099","1,999",3.8 out of 5 stars,733,B09DSDFPZ3,False,Amazon Prime,https://www.amazon.in/s?k=shoe
shoe,,,ASIAN,"Men's Velocity-01 Sports,Casual,Walking,Running,Gym Shoes",598,999,3.8 out of 5 stars,351,B09G1KWJHH,False,Amazon Prime,https://www.amazon.in/s?k=shoe
shoe,,,Sparx,Men SM-241 White Navy Blue Sports Shoes,"1,303","1,499",4.0 out of 5 stars,"2,571",B01AQPHKDS,False,Amazon Prime,https://www.amazon.in/s?k=shoe
shoe,,,ASIAN,"Women's Melody-71 Running,Walking,Gym,Training,Casual,Sports Shoes",349,699,4.0 out of 5 stars,52,B09TGVPSDT,False,,https://www.amazon.in/s?k=shoe
shoe,,,ASIAN,"Women's Melody-31 Loafers | Sports Running Shoes for Women | Canvas Shoes for Girls Stylish Casual Loafer Shoes for Ladies | Lightweight Espadrilles Shoes for Running, Walking & Party",498,999,3.9 out of 5 stars,159,B09JGL45JQ,False,,https://www.amazon.in/s?k=shoe
shoe,,,Campus,Women's Matty Running Shoes,692,"1,119",,,B09RBFPPV1,False,Amazon Prime,https://www.amazon.in/s?k=shoe
shoe,,,Reebok,Men's Guide Stride Run Lp Shoes,"1,455","2,799",4.1 out of 5 stars,"1,300",B082QHT7WF,False,Amazon Prime,https://www.amazon.in/s?k=shoe
shoe,,,Power,Mens Lionel Running Shoes,699,999,3.9 out of 5 stars,632,B07SCZ1DBK,False,Amazon Prime,https://www.amazon.in/s?k=shoe
shoe,,,ASIAN,"Men's Bullet-02 Sports,Running,Walking Shoes",498,599,3.9 out of 5 stars,"13,379",B0994L7F7Q,False,,https://www.amazon.in/s?k=shoe
shoe,,,Amazon Brand - Symbol,Men Formal Shoes,699,"1,999",3.9 out of 5 stars,129,B09CFWSSWJ,False,Amazon Prime,https://www.amazon.in/s?k=shoe
shoe,,,Nivia,Flash Shoe,929,999,3.9 out of 5 stars,476,B018NVFKFM,False,Amazon Prime,https://www.amazon.in/s?k=shoe
shoe,,,Nivia,HY-Court 2.0 Mens Badminton Shoe,"1,549",,4.2 out of 5 stars,"2,612",B07VX51HK8,False,Amazon Prime,https://www.amazon.in/s?k=shoe
shoe,,,Puma,Womens Maka WN's Running Shoe,"1,889","4,499",4.5 out of 5 stars,20,B09RGC24QS,False,Amazon Prime,https://www.amazon.in/s?k=shoe
shoe,,,ASIAN,Men's Future-01 Running Shoes,486,649,3.8 out of 5 stars,"4,835",B08K7MPYCJ,False,,https://www.amazon.in/s?k=shoe
shoe,,,Nivia,Super Court Badminton Shoe,"1,398","1,549",4.1 out of 5 stars,401,B01KHJTSOM,False,Amazon Prime,https://www.amazon.in/s?k=shoe
shoe,,,Adidas,Women's Elate W Running Shoe,"1,404","2,499",4.2 out of 5 stars,384,B08FZTWS8G,False,Amazon Prime,https://www.amazon.in/s?k=shoe
shoe,,,Campus,Women's Jolly Running Shoes,"1,071","1,299",4.3 out of 5 stars,216,B08DJN4JF3,False,Amazon Prime,https://www.amazon.in/s?k=shoe
shoe,,,Adidas,Men's Flydoot M Running Shoe,"2,114","4,299",4.1 out of 5 stars,8,B094PZ39YW,False,Amazon Prime,https://www.amazon.in/s?k=shoe
shoe,,,ASIAN,Crystal-13 Running Shoes for Men I Sport Shoes for Boys with Transparent Sole Technology | Memory Foam Insole Running Shoes for Men,"1,398","2,299",3.9 out of 5 stars,110,B09RX544VX,False,Amazon Prime,https://www.amazon.in/s?k=shoe
shoe,,,ASIAN,"Men's Creta-12 Running,Sports,Walking Shoes",698,"1,299",3.8 out of 5 stars,"8,580",B096SQL6CX,False,Amazon Prime,https://www.amazon.in/s?k=shoe
shoe,,,NEOSAFE,"NEOSAFE Men's A2012_8 Sports Low Ankle Line Safety shoes with Steel Toe & Puncture Proof Mid Plate, (Size 8, Blue, ISI Marked)","1,470","1,999",3.9 out of 5 stars,421,B08T8CNT72,False,Amazon Prime,https://www.amazon.in/s?k=shoe
shoe,,,Centrino,Men Formal Shoe,749,"2,199",3.9 out of 5 stars,"9,953",B07QPZQ87Q,False,Amazon Prime,https://www.amazon.in/s?k=shoe
shoe,,,ASIAN,"Men's Century-12 Running,Walking,Sports Shoes",548,999,3.9 out of 5 stars,"6,944",B085BPFBKH,False,Amazon Prime,https://www.amazon.in/s?k=shoe
shoe,,,Reebok,Men's Speed Riser Running Shoe,"2,170","3,099",4.2 out of 5 stars,412,B08TM59VB9,False,Amazon Prime,https://www.amazon.in/s?k=shoe
shoe,,,BATA,Boys Formal School Uniform Shoes,948,949,4.0 out of 5 stars,1,B09XR9RGNS,False,,https://www.amazon.in/s?k=shoe
shoe,,,Fila,Men's Dominic Ii Running Shoe,934,"2,099",4.1 out of 5 stars,27,B0996558L6,False,Amazon Prime,https://www.amazon.in/s?k=shoe
shoe,,,Generic,Men's Mesh Lace-Ups Running/Walking/Gym/Sports Fashion Shoes,298,998,2.6 out of 5 stars,27,B09PF2JZZG,False,,https://www.amazon.in/s?k=shoe
shoe,,,Adidas,Mens Klench M Running Shoes,"2,326","5,299",3.8 out of 5 stars,111,lredirect/picassoRedirect.htm,True,Amazon Prime,https://www.amazon.in/s?k=shoe
shoe,,,Adidas,Men's Adi Form M VICBLU/ACTGOL/Conavy Running Shoe-6 Kids UK (HMI58),"2,206","4,799",3.5 out of 5 stars,3,lredirect/picassoRedirect.htm,True,Amazon Prime,https://www.amazon.in/s?k=shoe
shoe,,,Adidas,Men's Classic Runner Running Shoe,"5,418","5,999",3.9 out of 5 stars,78,lredirect/picassoRedirect.htm,True,Amazon Prime,https://www.amazon.in/s?k=shoe
shoe,,,Adidas,Men's Racardi M Running Shoe,"2,202","4,599",4.2 out of 5 stars,64,lredirect/picassoRedirect.htm,True,Amazon Prime,https://www.amazon.in/s?k=shoe
